influencer_id,follower_count,revenue,source,name,traditional_roas
1,122958,6572,Instagram,Influencer_1,3.317516405855628
2,147867,28473,YouTube,Influencer_2,9.882340691378593
3,132932,15844,Instagram,Influencer_3,2.005062009617818
4,366838,25183,TikTok,Influencer_4,20.574346405228756
5,260178,44427,Instagram,Influencer_5,30.513049450549453
6,120879,24653,Instagram,Influencer_6,9.28599870856651
7,111268,27011,TikTok,Influencer_7,14.873898678414097
8,208892,16864,Twitter,Influencer_8,5.475324675324676
9,55886,28242,TikTok,Influencer_9,4.734618608549875
11,476602,42771,Instagram,Influencer_11,7.876795580110497
12,431410,30068,Instagram,Influencer_12,4.960897541659792
13,88498,14979,Twitter,Influencer_13,3.6181159420289855
14,375871,34599,Instagram,Influencer_14,7.5875
15,389468,20519,Twitter,Influencer_15,7.775293671845396
16,176203,68258,YouTube,Influencer_16,5.3412627769354915
17,192335,48546,Instagram,Influencer_17,9.701438848920864
18,279167,8740,Twitter,Influencer_18,4.186826347305389
20,330365,54491,TikTok,Influencer_20,6.479660558888709
21,65820,16081,YouTube,Influencer_21,8.879624516841524
22,263913,39299,YouTube,Influencer_22,4.095096179897046
23,322879,30117,Instagram,Influencer_23,6.308546292417261
24,195027,13374,YouTube,Influencer_24,4.964365256124721
25,328069,18584,TikTok,Influencer_25,14.473520249221183
26,253709,13532,Twitter,Influencer_26,14.645021645021645
28,268455,49610,Twitter,Influencer_28,12.929289718913283
29,104355,8250,Twitter,Influencer_29,4.287941787941788
30,236796,35976,TikTok,Influencer_30,49.417582417582416
31,215176,32857,YouTube,Influencer_31,6.668763953724375
32,185779,37351,YouTube,Influencer_32,9.423609553711596
33,348449,36054,TikTok,Influencer_33,4.7725828656147415
34,422909,23755,Twitter,Influencer_34,22.159514925373134
35,466148,54720,TikTok,Influencer_35,2.4361029101644878
36,259795,54715,Instagram,Influencer_36,5.507005694609985
37,487232,9986,TikTok,Influencer_37,1.4213372975708503
38,393752,23399,TikTok,Influencer_38,5.176769911504424
39,157730,13945,Twitter,Influencer_39,32.811764705882354
40,347622,52885,Instagram,Influencer_40,8.796573519627412
41,385681,8305,Twitter,Influencer_41,11.680731364275667
42,150503,21953,TikTok,Influencer_42,3.650749530800846
43,131523,12866,Instagram,Influencer_43,7.40885159591971
44,3747,29463,YouTube,Influencer_44,6.763774104683195
45,124855,67530,Twitter,Influencer_45,3.2329946262823643
46,453366,23566,YouTube,Influencer_46,10.409010600706713
47,66725,59374,Instagram,Influencer_47,7.1837870538415
48,130981,47093,TikTok,Influencer_48,11.353182256509161
49,85654,12612,Twitter,Influencer_49,3.228003613369467
50,429989,17554,Instagram,Influencer_50,2.930942362919922
