influencer_id,basis,rate,orders,posts_count,total_payout,id,name,cost_per_order
1,post,1981,6,2,3962,1,Influencer_1,660.3333333333334
2,post,2401,25,3,7203,2,Influencer_2,288.12
3,post,3951,14,4,15804,3,Influencer_3,1128.857142857143
4,order,136,21,3,2856,4,Influencer_4,136.0
5,order,104,31,5,3224,5,Influencer_5,104.0
6,post,2323,21,3,6969,6,Influencer_6,331.85714285714283
7,order,227,18,4,4086,7,Influencer_7,227.0
8,order,440,18,4,7920,8,Influencer_8,440.0
9,post,3579,24,4,14316,9,Influencer_9,596.5
10,post,1332,0,0,0,10,Influencer_10,0.0
11,order,362,28,4,10136,11,Influencer_11,362.0
12,post,3306,24,4,13224,12,Influencer_12,551.0
13,post,2990,13,3,8970,13,Influencer_13,690.0
14,order,304,30,8,9120,14,Influencer_14,304.0
15,order,377,14,3,5278,15,Influencer_15,377.0
16,post,3810,48,7,26670,16,Influencer_16,555.625
17,order,278,35,5,9730,17,Influencer_17,278.0
18,post,4175,6,1,4175,18,Influencer_18,695.8333333333334
19,post,3554,0,0,0,19,Influencer_19,0.0
20,post,2643,44,7,18501,20,Influencer_20,420.47727272727275
21,post,1811,10,2,3622,21,Influencer_21,362.2
22,post,3691,25,5,18455,22,Influencer_22,738.2
23,post,3038,28,4,12152,23,Influencer_23,434.0
24,order,449,14,5,6286,24,Influencer_24,449.0
25,order,214,14,2,2996,25,Influencer_25,214.0
26,order,231,8,1,1848,26,Influencer_26,231.0
27,order,447,0,0,0,27,Influencer_27,0.0
28,post,1322,41,7,9254,28,Influencer_28,225.70731707317074
29,order,481,9,2,4329,29,Influencer_29,481.0
30,order,56,25,4,1400,30,Influencer_30,56.0
31,order,379,24,6,9096,31,Influencer_31,379.0
32,post,1274,27,6,7644,32,Influencer_32,283.1111111111111
33,post,2698,30,6,16188,33,Influencer_33,539.6
34,order,134,11,3,1474,34,Influencer_34,134.0
35,post,4742,38,10,47420,35,Influencer_35,1247.8947368421052
36,post,4195,38,5,20975,36,Influencer_36,551.9736842105264
37,post,3952,9,4,15808,37,Influencer_37,1756.4444444444443
38,order,452,19,3,8588,38,Influencer_38,452.0
39,order,85,8,3,680,39,Influencer_39,85.0
40,order,334,40,5,13360,40,Influencer_40,334.0
41,order,237,3,2,711,41,Influencer_41,237.0
42,post,4677,14,2,9354,42,Influencer_42,668.1428571428571
43,post,1013,7,4,4052,43,Influencer_43,578.8571428571429
44,post,2420,15,3,7260,44,Influencer_44,484.0
45,post,4094,49,10,40940,45,Influencer_45,835.5102040816327
46,order,283,16,4,4528,46,Influencer_46,283.0
47,order,435,37,7,16095,47,Influencer_47,435.0
48,order,244,40,6,9760,48,Influencer_48,244.0
49,post,3690,17,3,11070,49,Influencer_49,651.1764705882352
50,post,4991,10,2,9982,50,Influencer_50,998.2
