influencer_id,name,revenue,traditional_roas,engagement_rate,follower_count,tier,source
16,Influencer_16,68258,5.3412627769354915,15.66,176203,Mid,YouTube
45,Influencer_45,67530,3.2329946262823643,12.48,124855,Mid,Twitter
47,Influencer_47,59374,7.1837870538415,18.62,66725,Micro,Instagram
35,Influencer_35,54720,2.4361029101644878,9.76,466148,Macro,TikTok
36,Influencer_36,54715,5.507005694609985,12.49,259795,Mid,Instagram
20,Influencer_20,54491,6.479660558888709,11.08,330365,Macro,TikTok
40,Influencer_40,52885,8.796573519627412,17.72,347622,Macro,Instagram
28,Influencer_28,49610,12.929289718913283,14.53,268455,Mid,Twitter
17,Influencer_17,48546,9.701438848920864,9.5,192335,Mid,Instagram
48,Influencer_48,47093,11.353182256509161,21.04,130981,Mid,TikTok
